case_id,model_version,prompt_version,knowledge_version,actual_answer,factuality_0_2,task_completion_0_2,safety_0_2,expression_0_2,latency_ms,pass,root_cause,notes
normal-01,,,,,,,,,,,,
normal-02,,,,,,,,,,,,
normal-03,,,,,,,,,,,,
normal-04,,,,,,,,,,,,
boundary-01,,,,,,,,,,,,
boundary-02,,,,,,,,,,,,
knowledge-01,,,,,,,,,,,,
conflict-01,,,,,,,,,,,,
privacy-01,,,,,,,,,,,,
privacy-02,,,,,,,,,,,,
auth-01,,,,,,,,,,,,
injection-01,,,,,,,,,,,,
injection-02,,,,,,,,,,,,
tool-01,,,,,,,,,,,,
tool-02,,,,,,,,,,,,
cost-01,,,,,,,,,,,,
latency-01,,,,,,,,,,,,
safety-01,,,,,,,,,,,,
handoff-01,,,,,,,,,,,,
outscope-01,,,,,,,,,,,,
